Sample_Name,Temperature,Panelist_Code,MerlynScale_Ranking,Fresh_Apples,Fermented,Herbal,Dry,Spice,Fruity,Smooth,Alcohol,Light,Sweet,Woody,Berries,Sour,Funky,FullBodied,Metallic,Floral,Candy,Bitter,Vomit,Earthy,Synthetic,Liking
1911 Est. ,Chilled,001,2.3,1,0,0,1,0,0,0,0,0,0,1,1,1,0,0,1,0,0,0,0,1,0,6
Buskey,Chilled,001,3.5,1,1,0,1,0,0,0,0,0,1,0,0,1,0,0,0,0,0,0,0,0,0,7
Eden,Chilled,001,2.8,0,0,1,0,0,0,0,0,0,0,0,0,1,1,0,0,0,0,0,1,1,0,4
1911 Est. ,RT,001,4.2,0,1,0,0,0,0,0,0,0,1,0,0,1,1,0,1,0,0,0,1,0,1,2
Buskey,RT,001,2,0,1,1,1,1,0,0,0,0,1,0,0,1,1,0,0,0,0,0,1,1,0,7
Eden,RT,001,4,0,1,0,1,0,0,0,0,1,1,0,0,1,0,0,0,1,0,1,0,0,1,5
1911 Est. ,Chilled,002,3,1,1,0,0,0,0,0,0,1,0,0,0,1,0,0,0,0,0,0,0,0,0,8
Buskey,Chilled,002,3.3,0,0,0,0,0,1,0,0,1,0,0,0,0,0,0,0,0,0,0,0,0,0,6
Eden,Chilled,002,3.5,1,0,0,0,0,0,0,0,0,0,0,0,1,0,0,0,0,0,0,0,0,0,7
1911 Est. ,RT,002,4.5,0,0,0,0,0,0,0,0,0,0,0,0,0,0,0,0,0,0,0,0,0,1,3
Buskey,RT,002,4.5,0,0,0,0,0,0,0,0,0,0,0,0,0,1,1,0,0,0,0,0,0,0,4
Eden,RT,002,3,1,1,0,0,0,0,0,0,0,0,0,0,0,0,0,1,0,0,0,0,0,0,4
1911 Est. ,Chilled,003,3.8,1,0,0,0,0,0,0,0,0,1,0,0,1,0,0,0,0,0,0,0,0,0,7
Buskey,Chilled,003,3.2,0,1,0,0,0,0,0,0,0,0,0,0,0,0,0,0,1,0,0,0,0,0,6
Eden,Chilled,003,4.1,0,0,1,0,0,0,0,0,0,1,0,0,0,0,0,0,1,0,0,0,0,0,5
1911 Est. ,RT,003,4.7,0,0,0,0,0,1,0,0,0,1,0,0,0,0,0,0,0,1,0,0,0,0,6
Buskey,RT,003,4.9,0,0,1,0,0,1,0,0,1,0,0,0,0,0,0,0,0,0,0,0,0,0,4
Eden,RT,003,2.3,0,0,1,0,0,0,0,0,1,0,1,0,0,0,0,0,0,0,0,0,0,0,5
1911 Est. ,Chilled,004,2.8,1,0,0,1,1,0,0,1,0,0,0,0,0,0,0,0,0,0,0,0,0,0,1
Buskey,Chilled,004,1.6,0,1,0,1,1,0,0,1,0,0,0,0,0,0,0,0,0,0,0,0,0,0,1
Eden,Chilled,004,1,1,0,0,1,1,0,0,1,0,0,0,0,1,0,0,0,0,0,1,0,0,0,1
1911 Est. ,RT,004,5,1,0,0,0,0,1,1,1,0,1,0,0,0,0,0,0,0,0,0,0,0,0,7
Buskey,RT,004,2.4,0,1,0,1,0,0,0,1,0,0,0,0,0,0,0,0,0,0,0,0,0,0,1
Eden,RT,004,3.9,1,0,0,0,0,1,1,1,1,1,0,0,0,0,0,0,0,0,0,0,0,0,8
1911 Est. ,Chilled,005,3.7,1,0,0,0,0,1,1,0,1,1,0,0,0,0,0,0,0,1,0,0,0,0,8
Buskey,Chilled,005,1.8,0,1,0,1,0,0,0,0,0,0,0,0,1,0,0,0,0,0,1,0,0,0,3
Eden,Chilled,005,2.2,0,1,0,1,0,0,0,0,0,1,0,0,1,1,0,0,0,0,1,0,1,0,2
1911 Est. ,RT,005,3,1,0,0,1,0,1,1,0,0,1,0,0,0,0,1,0,0,0,0,0,0,0,7
Buskey,RT,005,3.2,1,0,0,0,0,0,1,0,1,1,0,0,0,0,0,0,0,0,0,0,0,0,7
Eden,RT,005,2.3,1,1,0,0,0,1,0,1,0,0,0,0,0,0,0,0,1,0,0,0,0,0,4
1911 Est. ,Chilled,006,2.8,0,0,0,0,0,1,1,0,0,1,0,0,0,0,0,1,1,1,0,0,0,0,6
Buskey,Chilled,006,2.2,1,0,1,1,0,1,1,1,1,0,0,0,0,0,0,0,1,0,0,0,0,0,7
Eden,Chilled,006,1.7,0,1,1,1,0,0,0,0,0,0,0,0,1,1,1,0,0,0,0,0,0,0,8
1911 Est. ,RT,006,3.7,0,1,1,0,0,1,1,0,0,1,0,0,1,0,0,0,1,0,0,0,0,0,7
Buskey,RT,006,3.5,0,0,1,0,1,1,0,0,0,1,1,0,0,0,0,0,1,0,0,0,0,0,5
Eden,RT,006,3.3,0,1,1,1,0,1,0,0,0,1,1,0,1,0,1,0,0,0,0,0,0,0,5
1911 Est. ,Chilled,007,4.2,0,1,0,0,0,0,0,1,0,1,0,0,1,0,0,0,0,1,0,0,0,0,6
Buskey,Chilled,007,3.2,1,1,0,0,0,1,1,1,1,1,0,0,1,0,0,0,1,0,0,0,0,0,7
Eden,Chilled,007,1.8,0,1,0,1,1,0,0,1,0,0,0,0,1,0,0,0,0,0,0,0,0,0,4
1911 Est. ,RT,007,4,1,1,0,0,0,1,0,1,0,1,0,0,1,0,0,0,0,1,0,0,0,0,7
Buskey,RT,007,1.8,0,1,0,1,0,1,1,1,1,1,0,0,1,0,0,0,0,0,0,0,0,0,5
Eden,RT,007,2,0,1,0,1,0,0,0,1,0,0,0,0,1,0,0,0,0,0,0,0,0,0,3
1911 Est. ,Chilled,008,3.5,1,0,0,0,1,1,1,0,0,0,0,0,1,0,0,0,0,0,0,0,0,0,8
Buskey,Chilled,008,3.8,1,0,0,0,0,0,0,0,1,1,0,0,0,0,0,0,1,0,0,0,0,0,7
Eden,Chilled,008,2.5,0,1,0,1,0,0,0,0,1,0,0,0,1,0,0,0,0,0,0,0,0,0,3
1911 Est. ,RT,008,1.8,1,0,0,1,0,0,0,1,1,1,0,0,0,0,0,0,0,0,0,0,0,0,8
Buskey,RT,008,1.5,1,0,0,1,0,1,1,0,1,1,0,0,0,0,0,0,0,0,0,0,0,0,6
Eden,RT,008,4.3,0,0,0,0,0,1,0,0,1,1,0,0,0,0,0,0,1,0,0,0,0,1,3
1911 Est. ,Chilled,009,3.6,1,0,0,0,1,1,0,1,0,1,0,0,0,0,0,0,1,0,0,0,0,0,6
Buskey,Chilled,009,2.9,1,0,0,0,0,1,0,1,1,1,0,1,0,0,0,0,0,1,0,0,0,0,7
Eden,Chilled,009,2.6,1,1,1,0,1,0,0,1,0,0,0,0,1,1,0,1,0,0,1,0,1,0,3
1911 Est. ,RT,009,2.9,1,1,0,0,1,1,1,1,1,1,0,0,1,0,0,0,1,0,0,0,0,0,6
Buskey,RT,009,1.6,0,1,1,1,1,0,0,1,0,0,1,0,0,1,0,1,0,0,0,0,1,0,1
Eden,RT,009,2.4,0,1,1,0,1,0,0,1,0,0,0,0,1,1,0,0,0,0,1,1,0,0,1
1911 Est. ,Chilled,010,3.1,1,0,0,0,0,1,1,0,1,0,0,0,0,0,0,0,0,0,0,0,0,0,7
Buskey,Chilled,010,3.7,1,0,1,0,0,0,0,1,1,0,0,0,0,0,0,0,1,0,0,0,0,0,7
Eden,Chilled,010,2,0,0,1,0,0,0,0,0,1,0,1,0,0,0,0,0,0,0,0,0,0,0,6
1911 Est. ,RT,010,1.5,1,0,0,1,0,0,0,0,1,0,1,0,1,0,0,0,0,0,0,0,0,0,7
Buskey,RT,010,2,0,1,0,0,1,0,0,0,0,0,1,0,0,0,0,0,0,0,0,0,0,0,7
Eden,RT,010,3,0,0,1,0,0,0,0,0,0,0,1,0,0,0,0,0,0,0,0,0,1,0,5
1911 Est. ,Chilled,011,3.2,0,0,0,0,0,1,1,1,0,1,0,0,0,0,0,0,0,0,0,0,0,0,7
Buskey,Chilled,011,2.5,0,0,0,0,0,1,1,0,0,0,0,0,1,0,0,0,0,0,0,0,0,0,7
Eden,Chilled,011,3.5,1,0,0,0,0,1,1,0,0,1,0,0,0,0,0,0,0,0,0,0,0,0,8
1911 Est. ,RT,011,2.2,0,0,0,1,0,1,0,0,0,0,0,0,1,0,0,0,0,0,0,0,0,0,4
Buskey,RT,011,2.5,1,0,0,1,0,0,0,1,0,0,0,0,1,0,0,0,0,0,1,0,0,0,6
Eden,RT,011,3.9,1,0,0,0,0,0,0,1,0,1,0,0,0,0,0,0,0,0,1,0,0,0,7
1911 Est. ,Chilled,012,2.5,0,1,1,1,0,1,0,0,1,1,0,0,1,0,0,0,0,0,0,0,0,0,8
Buskey,Chilled,012,3.8,1,1,0,0,1,1,1,1,1,1,0,0,0,0,1,0,1,0,1,0,0,0,7
Eden,Chilled,012,4.3,1,1,1,0,0,1,1,0,0,1,0,1,0,0,1,1,1,0,0,0,0,0,8
1911 Est. ,RT,012,2.2,0,1,1,0,0,0,1,0,0,1,1,1,1,0,0,1,1,0,1,0,0,0,6
Buskey,RT,012,3,0,1,0,1,1,0,1,1,0,0,1,1,1,0,1,0,0,0,1,0,1,0,3
Eden,RT,012,1.2,0,1,0,1,1,0,0,1,0,0,0,0,1,0,0,0,0,0,1,0,1,0,3
1911 Est. ,Chilled,013,3.3,1,0,0,0,0,1,0,0,0,0,0,0,0,0,0,0,0,0,0,0,0,0,7
Buskey,Chilled,013,2.2,1,0,0,1,0,0,0,0,0,0,0,0,0,0,0,0,0,0,0,0,0,0,6
Eden,Chilled,013,3.1,1,0,0,0,0,0,0,0,0,0,0,0,0,0,0,0,0,0,0,0,0,0,5
1911 Est. ,RT,013,3.3,1,0,0,0,0,0,0,0,0,0,0,0,0,0,0,0,0,0,0,0,0,0,7
Buskey,RT,013,4,1,0,0,0,0,0,0,0,0,0,0,0,0,0,0,0,0,0,0,0,0,0,4
Eden,RT,013,3.3,1,1,0,0,0,0,0,0,0,0,0,0,0,0,0,0,0,0,0,0,0,0,5
1911 Est. ,Chilled,014,2.7,1,0,0,1,0,1,0,1,0,0,0,0,0,0,0,0,0,0,0,0,0,0,7
Buskey,Chilled,014,2,0,0,0,1,0,0,0,0,0,0,0,0,0,1,0,1,0,0,0,0,0,1,3
Eden,Chilled,014,3.5,1,0,0,0,0,1,0,1,0,1,0,0,0,0,0,0,0,0,0,0,0,0,8
1911 Est. ,RT,014,4.7,1,1,0,0,0,1,1,0,0,1,0,0,1,0,0,0,0,1,0,0,0,0,7
Buskey,RT,014,3.8,0,0,1,0,0,0,0,0,0,0,0,0,0,1,1,0,0,0,0,0,1,0,1
Eden,RT,014,1.2,0,0,0,0,0,0,0,0,0,0,0,0,1,1,0,0,0,0,1,1,0,1,1
1911 Est. ,Chilled,015,3,0,1,0,0,0,1,0,0,0,0,0,1,0,0,0,0,0,0,0,1,0,0,8
Buskey,Chilled,015,1.7,0,1,1,0,1,0,0,0,0,0,0,0,0,1,0,0,0,0,1,1,0,0,3
Eden,Chilled,015,2,0,1,0,1,1,1,0,0,0,0,1,0,0,1,0,0,0,0,0,1,1,1,2
1911 Est. ,RT,015,2.3,0,1,0,1,0,0,0,0,1,1,0,0,1,0,1,1,0,0,0,0,0,0,7
Buskey,RT,015,1.2,0,0,1,1,1,0,0,1,0,0,0,0,0,1,0,0,0,0,0,0,0,1,3
Eden,RT,015,3.3,0,1,1,0,1,0,0,0,0,0,1,0,0,0,0,0,0,0,0,0,1,0,6
1911 Est. ,Chilled,016,2,0,0,0,1,1,0,0,0,0,0,0,0,0,0,0,0,1,1,0,0,0,0,6
Buskey,Chilled,016,1.5,0,0,0,1,0,0,0,0,0,0,0,0,0,1,0,0,1,0,0,0,0,0,4
Eden,Chilled,016,2,1,0,0,0,0,1,0,0,0,0,0,0,1,0,0,0,1,0,0,0,0,0,7
1911 Est. ,RT,016,4,1,0,0,0,0,1,0,0,0,1,0,0,0,0,0,0,1,0,0,0,0,0,8
Buskey,RT,016,2.5,0,0,0,0,1,0,0,0,0,0,0,0,1,0,0,0,1,0,0,0,0,0,7
Eden,RT,016,3,1,0,0,0,0,1,0,0,0,0,0,1,1,0,0,0,1,0,0,0,0,0,8
1911 Est. ,Chilled,017,3.5,0,0,0,0,0,0,0,1,1,1,0,0,1,0,0,1,0,0,0,0,0,1,6
Buskey,Chilled,017,1.7,0,1,0,1,0,0,0,0,0,0,0,0,1,0,1,0,0,0,1,0,0,0,7
Eden,Chilled,017,2.5,0,0,0,1,0,0,0,0,0,0,0,0,0,1,0,1,0,0,1,1,0,1,2
1911 Est. ,RT,017,2.7,1,1,0,1,0,0,0,0,1,1,0,0,1,0,0,0,0,0,0,0,0,0,7
Buskey,RT,017,4,0,1,0,0,0,0,0,1,0,1,0,0,0,1,0,0,0,0,0,1,0,0,3
Eden,RT,017,4.3,1,0,0,0,0,1,0,0,1,1,0,0,0,0,0,0,0,0,0,0,0,0,7
1911 Est. ,Chilled,018,3.3,1,0,0,0,0,1,0,1,1,1,0,0,1,0,0,0,0,0,0,0,1,0,7
Buskey,Chilled,018,3.2,1,1,0,0,0,1,0,1,1,1,0,0,0,0,0,0,0,0,0,0,0,1,4
Eden,Chilled,018,2.9,0,0,1,0,0,0,1,1,1,0,1,0,0,0,1,0,1,0,0,0,1,0,8
1911 Est. ,RT,018,2.9,1,1,0,1,0,0,0,1,1,0,0,0,1,0,1,0,1,0,0,0,0,0,5
Buskey,RT,018,3.8,1,0,0,0,0,1,1,1,1,1,0,0,1,0,1,0,0,0,0,0,0,0,6
Eden,RT,018,2.8,0,0,1,1,0,0,1,1,1,0,0,0,0,0,1,0,1,0,0,0,1,0,8
1911 Est. ,Chilled,019,2.7,0,0,0,0,1,0,0,1,0,0,0,0,1,0,0,0,0,0,1,0,0,0,2
Buskey,Chilled,019,3.7,1,0,0,1,0,1,1,0,1,1,0,0,0,0,0,0,0,0,0,0,0,0,8
Eden,Chilled,019,3.2,0,0,0,0,0,0,0,1,0,0,0,0,0,0,0,1,0,0,1,0,0,1,1
1911 Est. ,RT,019,3.2,0,0,0,0,0,1,1,0,0,1,0,0,0,0,1,0,0,0,0,0,0,0,7
Buskey,RT,019,1.7,0,0,0,1,1,0,0,0,0,0,0,0,0,0,0,0,0,0,1,0,0,0,2
Eden,RT,019,4.5,0,0,0,0,0,0,0,1,0,1,0,0,0,0,0,1,0,0,0,0,0,1,1
1911 Est. ,Chilled,020,4,1,0,1,0,0,0,1,0,1,0,0,0,0,0,0,0,0,0,0,0,0,0,7
Buskey,Chilled,020,3,0,0,0,0,0,0,0,0,1,0,0,0,0,0,0,1,0,0,0,0,0,0,5
Eden,Chilled,020,3.5,1,0,0,0,1,0,1,0,1,1,0,0,0,0,0,0,0,0,0,0,0,0,7
1911 Est. ,RT,020,2.8,1,0,0,0,0,1,0,0,0,0,0,0,0,0,0,0,0,0,1,0,0,0,6
Buskey,RT,020,2.5,0,0,0,0,1,0,0,0,0,0,0,0,1,1,0,0,0,0,1,0,0,0,4
Eden,RT,020,4,1,0,0,0,0,0,1,0,1,1,0,0,0,0,0,0,1,0,0,0,0,0,7
1911 Est. ,Chilled,021,3.2,1,0,0,0,0,0,0,0,0,0,0,0,0,0,0,0,0,1,0,0,0,0,6
Buskey,Chilled,021,3,0,1,0,0,0,0,0,0,0,0,0,0,0,1,0,0,0,0,0,0,1,0,3
Eden,Chilled,021,3,1,1,0,0,0,0,0,0,1,0,0,0,0,0,0,0,0,0,0,0,1,0,4
1911 Est. ,RT,021,3.2,1,0,0,0,0,0,0,0,1,1,0,0,1,0,0,0,0,1,0,0,0,0,6
Buskey,RT,021,2.7,0,1,0,0,0,0,0,0,0,0,0,0,0,1,0,0,0,0,0,0,1,0,3
Eden,RT,021,3.2,1,0,0,0,0,0,0,0,0,0,0,0,0,1,0,0,0,0,0,0,0,0,4
1911 Est. ,Chilled,022,1.4,0,1,0,1,1,1,0,1,0,0,0,0,1,0,0,0,0,0,1,0,0,0,2
Buskey,Chilled,022,2.3,0,1,0,1,1,0,0,1,0,0,0,0,1,0,0,0,0,0,0,0,0,0,3
Eden,Chilled,022,1.5,0,1,1,1,1,0,0,1,0,0,0,0,1,0,0,0,0,0,1,0,0,0,1
1911 Est. ,RT,022,4.6,1,1,0,0,0,1,1,0,0,1,0,1,1,0,0,0,0,0,0,0,0,0,8
Buskey,RT,022,3.8,1,0,0,0,0,1,1,1,0,1,0,0,1,0,0,0,0,0,0,0,0,0,6
Eden,RT,022,2.3,0,1,1,1,0,1,0,1,0,0,0,0,1,0,0,0,0,0,1,0,0,0,3
1911 Est. ,Chilled,023,3,1,0,0,0,0,0,0,1,1,0,0,0,0,0,0,0,1,0,0,0,0,0,7
Buskey,Chilled,023,2.8,1,0,1,0,0,0,0,1,0,0,0,0,0,0,0,0,0,0,0,0,0,0,6
Eden,Chilled,023,2.7,0,0,0,1,0,0,0,1,1,0,0,0,0,0,0,0,1,0,0,0,0,0,6
1911 Est. ,RT,023,2.8,0,0,0,1,0,0,0,1,0,0,0,0,1,0,0,0,0,0,0,0,0,0,4
Buskey,RT,023,3.6,0,0,0,0,0,0,0,1,1,0,0,0,0,0,1,0,0,0,0,0,0,0,6
Eden,RT,023,2.8,1,0,0,0,0,1,0,1,0,0,0,0,0,1,0,0,0,0,1,0,0,0,4
1911 Est. ,Chilled,024,2.5,1,0,1,1,0,0,0,1,0,0,1,0,1,0,0,1,1,0,1,0,0,0,6
Buskey,Chilled,024,1.3,1,1,0,0,1,0,1,1,0,0,0,0,1,0,0,1,1,0,1,0,0,0,4
Eden,Chilled,024,2,0,0,1,1,0,0,0,1,1,0,0,0,1,0,0,1,1,0,1,0,0,1,1
1911 Est. ,RT,024,3.3,1,1,0,1,0,0,0,1,1,1,1,0,1,0,0,0,0,0,1,0,0,0,6
Buskey,RT,024,2.5,0,1,1,1,0,0,1,1,1,1,0,0,1,0,0,0,0,0,1,0,1,0,6
Eden,RT,024,1.7,0,1,0,1,0,0,0,1,0,0,1,0,1,1,1,1,0,0,1,0,0,1,3
1911 Est. ,Chilled,025,1.8,0,0,0,1,0,0,0,1,0,0,0,0,0,0,0,0,0,0,1,0,0,0,4
Buskey,Chilled,025,3.5,1,0,0,0,0,1,0,0,1,1,0,0,0,0,0,0,0,0,0,0,0,0,7
Eden,Chilled,025,1.8,0,0,0,1,0,0,0,1,0,0,0,0,1,0,0,0,0,0,0,0,0,0,3
1911 Est. ,RT,025,4.2,1,0,0,0,0,1,0,1,1,1,0,0,0,0,0,0,0,0,0,0,0,0,6
Buskey,RT,025,2.7,0,0,0,1,0,0,0,1,1,0,0,0,0,0,0,0,0,0,0,0,1,0,5
Eden,RT,025,3.5,1,0,0,0,0,0,1,1,1,1,0,0,0,0,0,0,0,0,0,0,0,0,6
1911 Est. ,Chilled,026,2.3,1,0,0,1,0,0,1,0,0,1,0,0,1,0,0,0,0,0,0,0,0,1,6
Buskey,Chilled,026,3.3,1,0,0,0,0,0,0,0,1,1,0,0,1,0,0,0,0,0,0,0,0,0,7
Eden,Chilled,026,4,1,0,0,0,0,1,0,0,0,1,0,0,1,1,1,0,0,1,0,0,0,1,5
1911 Est. ,RT,026,4.8,1,0,0,0,0,0,1,0,0,1,0,0,0,0,1,0,0,0,0,0,0,0,6
Buskey,RT,026,3.5,1,0,0,0,0,1,0,0,0,1,0,0,0,0,1,0,0,0,0,0,0,0,3
Eden,RT,026,4.8,1,0,0,0,0,0,0,0,0,1,0,0,1,0,1,0,0,0,0,0,0,1,2
1911 Est. ,Chilled,027,2.5,0,0,0,1,0,0,1,1,1,0,0,0,0,0,0,0,0,0,0,0,0,0,5
Buskey,Chilled,027,3.5,0,0,0,0,1,0,1,0,0,0,0,0,0,1,0,0,0,0,0,0,0,0,4
Eden,Chilled,027,4.6,0,1,0,0,0,0,0,1,0,0,0,0,0,1,0,0,0,0,0,0,0,1,2
1911 Est. ,RT,027,4,1,0,0,0,0,1,1,0,0,0,0,0,0,0,0,0,0,0,0,0,0,0,6
Buskey,RT,027,2.5,0,0,0,0,1,0,0,0,0,0,0,0,0,0,0,0,1,0,0,1,0,0,2
Eden,RT,027,4.3,0,0,0,0,0,0,0,0,0,1,1,1,0,0,0,0,0,0,0,0,0,1,4
1911 Est. ,Chilled,028,4.8,1,0,0,0,0,1,0,0,0,1,0,1,0,0,0,0,0,0,0,0,0,0,4
Buskey,Chilled,028,3.2,0,1,0,1,0,0,1,0,0,0,1,0,0,1,0,0,0,0,0,0,1,0,5
Eden,Chilled,028,3.3,1,0,0,0,0,1,1,0,1,0,0,0,1,0,0,0,0,0,0,0,0,0,7
1911 Est. ,RT,028,2,1,0,0,0,0,1,0,0,1,0,0,1,1,0,0,0,0,0,0,0,0,0,8
Buskey,RT,028,4.2,1,1,0,0,0,0,0,1,0,1,1,0,0,0,1,0,0,0,0,0,1,0,7
Eden,RT,028,2.5,0,0,0,0,0,0,0,0,0,0,1,0,1,1,0,0,1,0,0,0,0,0,4
1911 Est. ,Chilled,029,1.3,0,1,0,1,0,0,0,0,0,0,0,0,0,1,0,0,0,0,1,0,1,1,2
Buskey,Chilled,029,2.9,0,1,1,1,0,0,0,0,0,1,1,0,0,0,1,0,0,0,0,0,1,0,6
Eden,Chilled,029,4.9,0,0,0,0,0,1,0,0,0,1,0,0,1,0,0,0,0,1,0,0,1,0,4
1911 Est. ,RT,029,4.4,0,0,0,0,0,0,0,0,1,1,0,0,1,0,0,0,0,0,0,0,0,1,6
Buskey,RT,029,2.5,0,1,0,1,0,0,0,0,0,0,0,0,0,0,0,0,0,0,1,0,1,0,4
Eden,RT,029,3.3,1,1,0,0,0,1,0,0,1,1,0,0,1,0,0,0,0,0,0,0,0,0,7
1911 Est. ,Chilled,030,2.5,1,0,0,1,0,0,1,0,1,0,0,0,0,0,0,0,0,0,0,0,0,0,7
Buskey,Chilled,030,3.1,1,0,1,0,0,0,1,0,1,1,0,1,0,0,0,0,1,0,0,0,0,0,7
Eden,Chilled,030,1.4,0,0,0,1,1,0,0,0,0,0,1,0,1,0,0,0,0,0,1,0,0,0,3
1911 Est. ,RT,030,2.2,0,0,1,1,0,0,0,0,0,0,0,1,0,0,1,0,1,0,0,0,0,0,6
Buskey,RT,030,3.3,0,1,0,0,0,1,1,0,1,1,0,0,0,0,0,0,1,0,0,0,0,0,6
Eden,RT,030,1.7,0,1,0,1,1,0,0,0,0,0,1,0,0,0,0,0,0,0,0,0,0,0,4
1911 Est. ,Chilled,031,3.5,0,0,0,0,1,1,0,0,0,1,0,0,0,0,0,0,1,0,0,0,0,0,6
Buskey,Chilled,031,2.5,0,0,0,1,0,0,1,0,1,0,0,0,0,0,0,0,0,0,0,0,0,0,8
Eden,Chilled,031,4,0,0,0,0,0,1,0,0,0,1,0,0,0,1,0,0,1,0,0,0,0,0,5
1911 Est. ,RT,031,2,0,0,1,1,0,0,1,0,1,0,0,0,0,0,0,0,0,0,0,0,0,0,7
Buskey,RT,031,2,0,0,0,1,0,0,0,0,0,0,0,0,0,1,1,0,0,0,0,0,0,1,4
Eden,RT,031,2.2,0,0,0,1,0,0,0,0,0,0,0,0,0,1,0,0,0,0,1,0,0,1,3
1911 Est. ,Chilled,032,2.5,0,0,0,0,1,0,0,0,0,0,0,0,1,0,0,0,0,0,0,0,0,0,5
Buskey,Chilled,032,1.7,0,1,0,1,0,0,0,1,0,0,0,0,0,1,0,0,0,0,0,0,0,0,2
Eden,Chilled,032,2.5,0,0,0,1,0,0,0,1,0,0,0,0,1,0,0,0,0,0,0,0,0,0,3
1911 Est. ,RT,032,2.5,0,0,0,0,0,0,0,0,0,0,0,0,1,0,0,0,0,0,0,0,0,0,4
Buskey,RT,032,3.2,0,0,0,1,0,0,0,1,0,0,0,0,0,0,0,0,0,0,0,0,0,1,2
Eden,RT,032,1,0,0,0,0,0,0,0,0,0,0,0,0,0,0,0,1,0,0,0,0,0,0,1
1911 Est. ,Chilled,033,4.2,1,0,0,0,0,1,1,1,1,1,0,1,0,0,0,0,1,0,0,0,0,0,5
Buskey,Chilled,033,1.7,1,0,0,1,0,1,1,1,0,0,0,0,0,0,1,0,1,0,1,0,0,0,4
Eden,Chilled,033,2.7,0,0,1,0,0,0,1,0,1,1,0,0,1,0,0,0,1,0,0,1,0,1,3
1911 Est. ,RT,033,2.8,0,1,0,0,1,1,0,1,0,0,1,1,0,1,0,0,1,1,0,0,0,0,6
Buskey,RT,033,3,0,1,0,0,1,0,0,0,1,1,1,0,1,0,0,0,0,0,1,1,0,0,2
Eden,RT,033,3.3,0,1,1,0,1,1,0,1,0,0,1,0,1,0,0,0,1,0,0,0,0,0,3
1911 Est. ,Chilled,034,2.5,1,0,0,1,0,1,1,1,1,0,0,0,1,0,0,0,0,0,1,0,0,0,6
Buskey,Chilled,034,3.9,0,0,1,1,0,0,0,1,0,0,1,0,1,0,0,1,0,0,1,0,0,0,3
Eden,Chilled,034,1.3,0,0,0,1,1,0,0,1,0,0,1,0,1,1,0,0,0,0,1,0,1,0,1
1911 Est. ,RT,034,4.2,1,0,0,0,0,1,1,0,0,1,0,0,0,0,0,0,0,0,1,0,0,0,7
Buskey,RT,034,2.3,0,0,0,1,0,0,0,1,0,0,0,0,1,0,0,0,1,0,1,0,0,0,2
Eden,RT,034,2.9,0,0,0,1,0,0,0,1,1,0,1,0,0,0,0,1,0,0,1,0,0,1,3
1911 Est. ,Chilled,035,3.5,1,1,0,0,1,1,1,1,0,1,0,0,1,0,0,0,0,1,1,0,0,0,8
Buskey,Chilled,035,2.4,0,1,0,1,1,0,1,1,1,1,0,0,1,0,0,0,0,0,1,0,0,0,8
Eden,Chilled,035,1.3,0,0,1,1,1,0,0,1,0,0,1,0,1,0,0,1,0,0,1,0,0,0,7
1911 Est. ,RT,035,1.7,0,1,1,1,1,0,0,0,1,0,1,0,0,0,0,1,0,0,0,0,0,0,4
Buskey,RT,035,2.8,0,1,1,0,1,0,0,1,0,0,0,0,1,0,0,1,0,0,0,0,0,1,6
Eden,RT,035,2.1,0,1,1,1,0,0,1,1,0,0,0,1,1,0,0,0,0,0,0,0,1,0,7
1911 Est. ,Chilled,036,3.5,1,1,0,0,0,0,0,1,1,0,0,0,1,0,0,0,0,0,0,1,0,0,7
Buskey,Chilled,036,2,0,1,0,1,0,0,0,1,0,0,0,0,1,0,0,0,0,0,1,0,0,0,6
Eden,Chilled,036,3,1,0,0,0,0,0,1,0,1,0,0,0,0,1,0,0,0,0,0,0,0,0,6
1911 Est. ,RT,036,5,0,1,1,1,0,0,0,1,0,0,0,0,1,0,0,0,1,0,1,0,0,0,5
Buskey,RT,036,2.5,0,1,0,1,0,0,0,1,0,1,0,0,1,0,0,0,0,0,0,0,0,0,4
Eden,RT,036,2.5,0,1,0,1,0,1,0,1,0,0,0,0,1,1,0,0,0,0,1,0,0,0,5
1911 Est. ,Chilled,037,1.7,0,1,0,1,0,1,0,1,0,0,0,0,0,0,0,0,0,0,0,0,0,0,7
Buskey,Chilled,037,2.5,0,0,0,0,0,1,0,1,1,1,0,1,0,0,0,0,0,0,0,0,0,0,8
Eden,Chilled,037,1.7,0,0,0,1,0,0,0,1,0,1,0,0,0,0,0,0,0,0,1,0,0,0,6
1911 Est. ,RT,037,4.1,1,0,0,0,0,1,1,0,1,1,0,1,0,0,0,0,0,0,0,0,0,0,8
Buskey,RT,037,3.1,0,0,0,1,0,0,1,1,1,0,0,0,0,0,0,0,0,0,0,0,0,0,6
Eden,RT,037,3.5,1,0,0,0,0,1,1,1,1,1,0,1,0,0,0,0,0,0,0,0,0,0,8
1911 Est. ,Chilled,038,2,0,1,0,1,0,0,1,0,0,0,0,0,0,0,0,0,0,0,0,0,0,0,6
Buskey,Chilled,038,2.4,0,0,0,1,0,0,1,0,1,0,0,0,0,0,0,0,0,0,0,0,0,0,6
Eden,Chilled,038,3.5,1,0,0,0,0,1,1,0,0,0,0,0,0,0,0,0,0,0,0,0,0,0,8
1911 Est. ,RT,038,3.9,0,0,0,0,0,1,1,0,0,0,0,1,0,0,0,0,0,0,0,0,0,0,7
Buskey,RT,038,1.7,1,1,0,1,0,0,0,0,0,0,0,0,0,0,0,0,0,0,1,0,0,0,5
Eden,RT,038,3.5,1,0,0,0,0,0,1,0,0,1,0,0,0,0,0,0,0,0,0,0,0,0,7
1911 Est. ,Chilled,039,3.8,0,0,0,0,0,1,0,0,1,1,0,0,0,0,0,1,0,0,0,0,0,0,5
Buskey,Chilled,039,2.5,0,1,0,1,0,1,0,1,0,0,0,0,1,0,0,0,0,0,0,0,1,0,4
Eden,Chilled,039,2,0,1,0,1,0,1,0,1,0,0,0,0,1,0,0,0,0,0,0,0,0,0,7
1911 Est. ,RT,039,2.8,0,1,0,0,0,0,1,0,1,0,0,0,0,0,0,0,0,0,0,0,0,0,6
Buskey,RT,039,1.8,0,1,0,1,0,1,0,1,0,0,0,0,0,0,0,0,0,0,1,0,0,0,4
Eden,RT,039,3.2,0,0,0,0,0,1,0,1,0,0,0,0,1,1,0,0,0,0,0,0,0,0,4
1911 Est. ,Chilled,040,3.3,1,1,1,0,0,1,0,0,1,0,0,0,0,0,1,0,1,0,0,0,0,0,7
Buskey,Chilled,040,2,0,1,0,1,1,0,0,0,0,0,0,0,1,1,1,0,0,0,0,0,0,0,7
Eden,Chilled,040,2.5,1,0,1,0,0,0,0,0,0,0,0,0,1,1,1,1,0,0,0,0,0,0,4
1911 Est. ,RT,040,2.2,1,0,0,0,1,1,0,0,0,0,0,0,1,0,0,0,0,0,1,0,0,0,8
Buskey,RT,040,3.5,1,0,0,0,0,1,0,0,1,1,0,0,0,0,0,0,1,0,0,0,0,0,7
Eden,RT,040,2.8,0,0,0,0,0,0,0,0,0,0,0,0,1,1,0,0,0,0,0,1,0,1,2
1911 Est. ,Chilled,041,3,1,0,0,0,0,0,0,0,0,0,0,0,1,0,0,0,0,0,0,0,0,0,7
Buskey,Chilled,041,2,0,1,0,0,0,0,0,0,1,0,1,0,0,0,0,0,0,0,0,0,1,0,6
Eden,Chilled,041,3,0,0,1,0,0,0,0,0,0,0,1,0,0,0,0,0,1,0,0,0,0,0,8
1911 Est. ,RT,041,4,1,0,0,0,0,1,0,0,0,1,0,0,0,0,0,0,1,1,0,0,0,0,6
Buskey,RT,041,2.5,0,0,0,0,0,0,0,0,1,0,0,0,0,0,0,0,0,0,1,1,0,0,4
Eden,RT,041,4,1,0,0,0,0,1,0,0,0,1,1,0,1,0,1,0,0,1,0,0,0,0,6
1911 Est. ,Chilled,042,4,1,1,0,0,0,1,0,0,1,0,0,0,0,0,0,0,0,0,0,0,0,0,8
Buskey,Chilled,042,4,1,0,0,0,0,0,0,0,0,1,0,0,0,0,0,0,0,0,1,0,0,0,7
Eden,Chilled,042,4.5,0,0,0,0,0,1,0,0,1,1,0,0,0,0,0,0,0,0,0,0,0,0,8
1911 Est. ,RT,042,2.2,0,0,0,1,0,0,0,1,1,0,0,0,0,0,0,0,0,0,0,0,0,0,5
Buskey,RT,042,3,0,0,0,1,0,1,0,0,1,0,0,0,0,0,0,0,0,0,0,0,0,0,5
Eden,RT,042,3,0,0,0,1,0,0,0,0,1,0,0,0,0,0,0,0,0,0,0,0,0,0,5
1911 Est. ,Chilled,043,3.2,0,0,0,0,1,1,0,0,0,0,0,0,1,0,1,0,0,0,0,0,0,0,6
Buskey,Chilled,043,4.2,1,0,0,0,0,1,0,0,1,1,0,0,0,0,0,0,1,0,0,0,0,0,7
Eden,Chilled,043,2.2,0,0,0,1,0,0,0,0,0,0,0,0,0,0,0,1,1,0,1,0,0,0,2
1911 Est. ,RT,043,3.7,1,0,0,0,0,1,1,0,0,1,0,0,0,0,1,0,1,0,0,0,0,0,7
Buskey,RT,043,3.2,0,0,1,0,0,0,1,1,0,1,0,0,0,0,0,0,1,0,0,0,0,0,5
Eden,RT,043,2.3,0,0,0,1,0,0,0,0,0,0,0,0,1,1,0,1,1,0,1,0,0,0,2
1911 Est. ,Chilled,044,2.5,0,0,0,0,0,1,0,0,0,0,0,0,1,0,0,0,0,0,1,0,0,0,4
Buskey,Chilled,044,2,0,0,0,0,0,1,0,1,0,1,0,0,0,1,0,0,0,0,1,0,0,1,4
Eden,Chilled,044,1.2,0,1,0,1,0,1,0,0,0,0,1,0,0,0,0,0,0,0,1,0,0,0,7
1911 Est. ,RT,044,2,0,1,0,0,0,1,0,0,0,0,0,0,1,0,0,0,0,0,1,0,1,0,4
Buskey,RT,044,1.5,0,0,0,0,0,1,0,0,0,0,1,0,0,1,0,0,0,0,1,0,0,0,3
Eden,RT,044,1.7,1,0,0,1,0,1,0,1,0,0,0,0,1,0,0,0,0,0,0,0,0,0,4
1911 Est. ,Chilled,045,4.3,1,0,0,0,0,1,1,1,1,1,0,0,0,0,0,0,0,0,0,0,0,0,8
Buskey,Chilled,045,4,0,0,0,0,0,1,1,1,1,0,0,0,0,0,0,0,1,0,0,0,0,0,7
Eden,Chilled,045,2.5,0,1,0,0,0,0,0,1,0,0,0,0,1,0,0,1,0,0,0,0,0,0,4
1911 Est. ,RT,045,3.7,1,0,0,0,0,1,0,1,0,0,0,0,0,0,0,0,0,0,0,0,0,0,8
Buskey,RT,045,2,0,0,0,1,0,0,1,1,0,1,0,0,0,0,0,0,1,0,0,0,0,0,6
Eden,RT,045,1.5,0,0,0,1,1,0,0,1,0,0,1,0,0,1,0,0,0,0,0,0,0,0,3
1911 Est. ,Chilled,046,1.8,1,0,0,0,0,0,0,0,0,0,0,0,1,0,1,0,0,0,1,0,0,0,4
Buskey,Chilled,046,1.5,1,1,1,0,0,0,0,0,0,1,0,1,1,0,0,0,0,0,0,0,0,0,8
Eden,Chilled,046,4.3,0,0,0,0,0,0,1,0,0,1,0,1,0,0,0,0,1,1,0,0,0,0,6
1911 Est. ,RT,046,3,0,1,0,0,0,0,0,1,0,0,1,1,1,0,0,0,0,0,0,0,1,0,8
Buskey,RT,046,4.3,1,1,0,0,0,1,1,0,1,0,0,0,1,0,0,0,0,0,0,0,0,0,7
Eden,RT,046,2.3,0,1,1,0,1,0,0,0,0,0,0,0,1,0,0,1,0,0,0,0,0,0,8
1911 Est. ,Chilled,047,4.3,1,0,0,0,0,0,1,0,1,0,0,0,0,0,1,0,0,0,0,0,0,0,8
Buskey,Chilled,047,4.2,0,1,0,0,0,0,1,0,0,1,1,0,0,0,0,0,1,0,0,0,0,0,7
Eden,Chilled,047,4,0,0,0,0,0,0,0,0,0,0,0,0,0,0,0,0,0,0,0,1,1,0,2
1911 Est. ,RT,047,4.3,1,0,1,0,1,1,1,0,0,0,0,0,1,0,1,0,0,0,0,0,0,0,8
Buskey,RT,047,3.5,0,0,1,0,0,1,1,0,1,0,0,1,0,0,0,0,1,0,0,0,0,0,7
Eden,RT,047,1.7,0,1,0,0,0,0,0,1,1,0,0,0,1,0,0,0,1,0,0,0,1,0,6
1911 Est. ,Chilled,048,2.7,1,0,0,1,0,0,0,0,1,0,0,0,0,0,0,0,0,0,1,0,0,0,8
Buskey,Chilled,048,3.5,0,0,0,1,1,0,0,0,0,1,0,0,0,1,0,0,0,0,1,0,0,0,4
Eden,Chilled,048,2.4,1,1,0,1,0,0,0,0,0,1,0,0,1,0,0,0,0,0,0,0,0,0,7
1911 Est. ,RT,048,4,1,0,0,1,0,0,1,0,1,1,0,0,0,0,0,0,0,0,0,0,0,0,8
Buskey,RT,048,3.5,0,0,0,0,0,0,1,0,0,1,0,0,0,0,0,0,0,0,1,0,0,0,6
Eden,RT,048,3.5,0,0,0,1,0,1,0,0,0,0,0,0,1,0,0,0,1,0,1,0,0,0,3